HeroName,Aliases,Alignment,Combat,Durability,EyeColor,FullName,Gender,HairColor,Height,Intelligence,Nicknames,Placeofbirth,Power,Publisher,Race,SkinColor,Speed,Strength,Weight
Namor,"Imperius Rex, Dr. G.W. Falton, Sub-Mariner, ""Subby"", Namor the First, Avenging Son, Old Man, Rex, Joe Pierre, Lord of the Seven Seas, the Scion of the Deep, Phoenix",good,85,70,Grey,Namor McKenzie,male,Black,6'2 // 188 cm,69,-,Atlantis,73,Marvel Comics,Atlantean,,58,95,278 lb // 125 kg
Bling!,-,good,28,90,-,Roxanne Washington,female,-,5'6 // 168 cm,69,Roxy,-,52,Marvel Comics,-,,12,14,152 lb // 68 kg
Moonstone,"Meteorite,  Kate Sorenson",bad,80,52,Blue,Dr. Karla Sofen,female,Blond,5'11 // 180 cm,56,-,"Van Nuys, California",74,Marvel Comics,-,,47,67,130 lb // 59 kg
Justice,"Marvel Boy, Manglin' John Mahoney, Astounding Astrovik, Superhuman Penitentiary Prisoner 344678, ""Super Tights""",good,30,70,Hazel,Vance Astrovik,male,Brown,5'10 // 178 cm,50,-,-,55,Marvel Comics,Human,,33,10,180 lb // 81 kg
Toxin,Larry,good,70,84,Blue,Patrick Mulligan,male,Brown,6'2 // 188 cm,56,Paddy,New York City,82,Marvel Comics,Symbiote,,70,73,215 lb // 97 kg
Nova,"Frances Hyatt, Human Torch",good,35,100,White,Frankie Raye,female,Red,5'4 // 163 cm,63,-,-,100,Marvel Comics,Human / Cosmic,Gold,100,60,130 lb // 59 kg
Mister-Knife,"Jason of Spartax, Jason of Sparta, Star-Lord, Mr Knife",bad,65,30,Blue,-,male,Brown,- // 0 cm,75,-,"Spartax, Spartoi Empire, near the Shi'ar Galaxy",13,Marvel Comics,Spartoi,,17,10,- lb // 0 kg
Spider-Girl,-,good,75,65,Blue,May 'Mayday' Parker,female,Brown,5'7 // 170 cm,63,-,"New York City, New York",53,Marvel Comics,Human,,60,38,119 lb // 54 kg
Beyonder,"Kosmos, Cosmos, Frank",good,56,100,-,-,male,-,- // 0 cm,88,-,Created in the Beyond,100,Marvel Comics,-,,23,100,- lb // 0 kg
Gambit,"Death, Le Diable Blanc, formerly Robert Lord, Cajun",good,84,28,Red,Remy Etienne LeBeau,male,Brown,6'1 // 185 cm,63,-,"New Orleans, Louisiana",55,Marvel Comics,Mutant,,23,10,179 lb // 81 kg
Ares,"God of War, Mister Talon, Mars, Warhawk",good,101,80,Brown,-,male,Brown,6'1 // 185 cm,75,-,-,74,Marvel Comics,-,,35,82,600 lb // 270 kg
Black-Panther,"Mr. Okonkwo, The Man Without Fear, Luke Charles, Black Leopard, the Client, Coal Tiger, has impersonated Daredevil and others on occasion",good,100,60,Brown,T'Challa,male,Black,6'0 // 183 cm,88,-,"Wakanda, Africa",41,Marvel Comics,Human,,30,16,200 lb // 90 kg
Tinkerer,-,bad,14,14,Brown,Phineas Mason,male,White,5'4 // 163 cm,100,-,-,10,Marvel Comics,-,,23,10,120 lb // 54 kg
Iceman,"Bobby Drake, Mister Friese, Drake Roberts, Rampage, Frozen One, Iceface",good,64,100,Brown,Robert Louis Drake,male,Brown,5'8 // 173 cm,63,Bobby,"Fort Washington, Long Island, New York",100,Marvel Comics,Mutant,,53,32,145 lb // 65 kg
Jubilee,Jubes,good,90,20,Red,Jubilation Lee,female,Black,5'5 // 165 cm,56,-,"Beverly Hills, California",66,Marvel Comics,Mutant,,22,8,115 lb // 52 kg
Mandarin,"Tem Borjigin, Gene Kahn, Master Khan, Zhang Tong, Mandy",bad,95,28,Blue,Khan,male,White,6'2 // 188 cm,100,-,China,100,Marvel Comics,Human,,23,28,215 lb // 97 kg
Black-Knight-III,"The Pendragon, Gann Josin, Eobar Garrington",good,70,70,Brown,Dane Whitman,male,Brown,6'0 // 183 cm,63,-,"Gloucester, Massachusetts",43,Marvel Comics,Human,,8,10,190 lb // 86 kg
War-Machine,"Rhodey, Iron Man, Jim Rhodes",good,85,100,Brown,James Rupert Rhodes,male,Brown,6'1 // 185 cm,63,-,"Philadelphia, Pennsylvania",100,Marvel Comics,Human,,63,80,210 lb // 95 kg
Copycat,"Nurse Veronica, Patricia Muggins, Titania, Garrison Kane, Christina Valentino, Domino, Cheryl Marks, Debbie, Marguerite, Amy",neutral,60,25,Red,Vanessa Carlysle,female,White,6'0 // 183 cm,56,-,-,54,Marvel Comics,Mutant,Blue,21,10,148 lb // 67 kg
Ronin,"Formerly Hawkeye, the Marksman, 'Br'er Hawkeye', Superhuman Cellblock Prisoner 334556, Longbow, Goliath, Father Time, Louis, Robin Hood, the Hawkeye Kid, Golden Archer, 'Purple Man'; impersonated Constrictor & Dreadknight",good,90,32,Blue,Clinton Francis Barton,male,Blond,6'3 // 191 cm,38,-,"Waverly, Iowa",21,Marvel Comics,Human,,27,10,230 lb // 104 kg
Skaar,"Savior, Son of Hulk, WorldBreaker, Long Hair, Little Monster, Conan",good,85,90,Green,-,male,Black,6'6 // 198 cm,50,-,Sakaar,69,Marvel Comics,-,,27,85,400 lb // 180 kg
Galactus,"Maker, Devourer of Worlds, Eater-of-Worlds, Ravager of Worlds",neutral,50,100,Black,Galan,male,Black,28'9 // 876 cm,100,-,(Galan) Taa; (Galactus) the Cosmic Egg,100,Marvel Comics,Cosmic Entity,,83,100,36400 lb // 16 tons
Dagger,Lady Light,good,70,42,Blue,Tandy Bowen,female,Blond,5'5 // 165 cm,63,-,"Shaker Heights, Ohio",52,Marvel Comics,-,,35,10,116 lb // 52 kg
Angel,"Formerly Death, Dark Angel, Angel, Avenging Angel, Archangel",good,42,64,Blue,Warren Kenneth Worthington III,male,Blond,6'0 // 183 cm,63,-,"Centerport, Long Island, New York",28,Marvel Comics,-,,46,13,150 lb // 68 kg
Darkstar,Tyomni Zvesda,good,64,42,Brown,Laynia Petrovna,female,Blond,5'6 // 168 cm,38,-,"Minks, USSR",79,Marvel Comics,Mutant,,35,8,125 lb // 56 kg
Pyro,-,bad,28,14,Blue,St. John Allerdyce,male,Blond,5'10 // 178 cm,38,-,"Sydney, Australia",50,Marvel Comics,-,,12,10,150 lb // 68 kg
Storm,"Ororo Iqadi T'Challa, Queen Ororo, Ororo Komo Wakandas,White Queen, Weather Witch, Windrider, Goddess, Mistress of the Elements, Princess of N'Dare, High Priestess Windrider, Goddess, Mistress of the Elements, Princess of N'Dare, High Priestess",good,75,30,Blue,Ororo Munroe,female,White,5'11 // 180 cm,75,-,"New York, New York",88,Marvel Comics,Mutant,,47,10,127 lb // 57 kg
Mystique,Mallory Brickman,bad,74,64,Yellow (without irises),Raven Darkholme,female,Red / Orange,5'10 // 178 cm,75,-,-,64,Marvel Comics,Mutant,Blue,23,12,120 lb // 54 kg
Bloodhawk,Lemuel Halcon,good,64,80,Black,Lemuel Krug,male,No Hair,- // 0 cm,50,-,-,80,Marvel Comics,Mutant,,50,10,- lb // 0 kg
Destroyer,-,bad,70,98,-,-,male,-,6'2 // 188 cm,50,-,Created in Asgard,85,Marvel Comics,-,,58,95,850 lb // 383 kg
Siryn,Theresa Rourke,bad,42,28,Blue,Theresa Rourke Cassidy,female,Strawberry Blond,5'6 // 168 cm,38,-,"Cassidy Keep, County Mayo, Ireland",50,Marvel Comics,-,,47,8,115 lb // 52 kg
Fallen-One-II,-,bad,56,100,Black,-,male,Blue,- // 0 cm,88,-,-,100,Marvel Comics,-,,83,85,- lb // 0 kg
Leader,-,bad,42,14,Green,Samuel Sterns,male,No Hair,5'10 // 178 cm,100,-,"Boise, Idaho",58,Marvel Comics,-,,12,10,140 lb // 63 kg
Mister-Sinister,"Sinister, Robert Windsor, Arnold Bocklin, Mike Milbury, Apocalypse, Steven Shaffran, Edmond Atkinson, Nate, Administrator Pearson, Nosferatu, Nathan Milbury, Pale Man",bad,50,90,Red,Dr. Nathaniel Essex,male,Black,6'5 // 196 cm,100,-,"London, England",100,Marvel Comics,Human / Altered,,46,48,285 lb // 128 kg
Jack-of-Hearts,-,good,30,30,Blue / White,Jonathan Hart,male,Brown,5'1 // 155 cm,63,Jack,"New Haven, Connecticut",77,Marvel Comics,Human,,100,55,175 lb // 79 kg
Ghost-Rider,-,good,60,100,Red,Jonathan Blaze,male,No Hair,6'2 // 188 cm,50,Johnny,"Waukegan, Illinois",100,Marvel Comics,Demon,,25,55,220 lb // 99 kg
Thing,"Blackbeard the Pirate, Grim Ben, Dr. Josiah Verpoorteen",good,80,100,Blue,Benjamin Jacob Grimm,male,No Hair,6'0 // 183 cm,75,"Ben, The ever loving blue-eyed Thing","New York City, New York",38,Marvel Comics,Human / Radiation,,21,84,500 lb // 225 kg
Blackwing,"Blackwing, Joe Manfredi, Joe Silvermane, Guiseppi Manfredi",bad,56,32,Blue,Joseph Manfredi,male,Black,6'1 // 185 cm,38,-,Professional Criminal,20,Marvel Comics,-,,35,10,190 lb // 86 kg
Aurora,Once mistaken for Danielle Belmonde,good,56,56,Blue,Jeanne-Marie Beaubier,female,Black,5'11 // 180 cm,50,-,"Montreal, Quebec, Canada",64,Marvel Comics,-,,83,15,140 lb // 63 kg
Elektra,Erynys (evil self),good,100,28,Blue,Elektra Natchios,female,Black,5'9 // 175 cm,63,-,-,59,Marvel Comics,Human,,30,11,130 lb // 59 kg
Beast,"Dr. McCoy, Hanko, Kreature, Mutate #666, Magilla Gorilla, Golden Armed Boy",good,85,60,Blue,Henry Philip McCoy,male,Blue,5'11 // 180 cm,94,Hank,"Dunfee, Illinois",43,Marvel Comics,Mutant,Blue,38,48,402 lb // 181 kg
Luna,-,good,14,14,-,Luna Maximoff,female,-,- // 0 cm,38,-,"Attilan, Blue Area of the Moon",53,Marvel Comics,Human,,83,6,- lb // 0 kg
Changeling,"Professor X, Professor Charles Xavier",bad,64,42,Brown,Kevin Sidney,male,Black,5'11 // 180 cm,63,-,-,64,Marvel Comics,-,,23,10,180 lb // 81 kg
Iron-Fist,"Daredevil, Daniel Thomas Rand, the Living Weapon, Young Dragon, Danny Rand",good,100,50,Blue,Daniel Thomas Rand-K'ai,male,Blond,5'11 // 180 cm,75,Danny,-,94,Marvel Comics,Human,,33,55,175 lb // 79 kg
Groot,"The Monster from Planet X; His Divine Majesty King Groot the 23rd, Monarch of Planet X, custodian of the branch worlds, ruler of all the shades, Flora colossus Information-silk",good,64,70,Yellow,Groot,male,-,23'0 // 701 cm,75,-,-,100,Marvel Comics,Flora Colossus,,33,85,8200 lb // 4 tons
Rocket-Raccoon,"Sharpshooting Space Racoon, Rocky Raccoon, Ranger Rocket",good,64,28,Brown,Rocket Raccoon,male,Brown,4'0 // 122 cm,50,-,-,28,Marvel Comics,Animal,,23,5,55 lb // 25 kg
Scarlet-Witch,"Wanda Frank, Wanda Magnus, Ana Maximoff, Gypsy Witch, The Witch",bad,80,70,Blue,Wanda Maximoff,female,Brown,5'7 // 170 cm,100,-,"Wundagore Mountain, Transia",100,Marvel Comics,Mutant,,29,10,132 lb // 59 kg
Plantman,Blackheath,bad,25,55,Green,-,male,Grey,6'0 // 183 cm,63,-,"London, England",61,Marvel Comics,Mutant,,25,60,193 lb // 87 kg
Dormammu,"The Dread One, Eater of Souls, Lord of Chaos, Lord of Darkness, the Great Enigma, Flyx",bad,80,100,Yellow,Dormammu,male,No Hair,6'1 // 185 cm,88,-,Faltine Dimension,100,Marvel Comics,-,,83,95,- lb // 0 kg
Kingpin,"The Brain Washer, Harold Howard, Wilbur",bad,70,40,Blue,Wilson Grant Fisk,male,No Hair,6'7 // 201 cm,75,-,New York City area,13,Marvel Comics,Human,,25,18,450 lb // 203 kg
Ymir,Aurgelmir,good,28,100,White,Ymir,male,No Hair,1000 // 304.8 meters,50,-,Niffleheim,88,Marvel Comics,Frost Giant,White,27,100,- lb // 0 kg
Doctor-Strange,"Sorcerer Supreme, Master of the Mystic Arts, Stephen Sanders, Captain Universe, Vincent Stevens",good,60,84,Grey,Stephen Vincent Strange,male,Black,6'2 // 188 cm,100,-,"Philadelphia, Pennsylvania",100,Marvel Comics,Human,,12,10,180 lb // 81 kg
Azazel,"Semihazah, Duma, Keriel, Mastema, Beliar, Gadreel, Beelzebub, Satan",bad,80,95,Yellow,-,male,Black,6'0 // 183 cm,50,-,"Isla des Demonas, Caribbean Sea",100,Marvel Comics,Neyaphem,Red,47,11,149 lb // 67 kg
Angel-Salvadore,Tempest,good,60,28,Brown,Angel Salvadore Bohusk,female,Black,5'4 // 163 cm,38,-,-,56,Marvel Comics,-,,28,10,121 lb // 54 kg
Jean-Grey,"Redd Dayspring, Marvel Girl",good,70,100,Green,Jean Grey-Summers,female,Red,5'6 // 168 cm,100,-,-,100,Marvel Comics,Mutant,,67,80,115 lb // 52 kg
Doctor-Octopus,"Doctor Octopus, Doc Ock, The Master Planner, The Master Programmer, Peter Benjamin Parker, Superior Spider-Man, Venom, Superior Venom",bad,65,30,Brown,Otto Octavius,male,Brown,5'9 // 175 cm,88,Doc Ock,"Schenectady, New York",22,Marvel Comics,Human,,33,48,245 lb // 110 kg
Onslaught,"Charlie Silus, Sir David The Great, Charles Xavier, Magneto, That Which Shall Survive, the Entity, Dark Xavier",bad,55,100,Red,Onslaught,male,No Hair,10'0 // 305 cm,88,-,-,100,Marvel Comics,Mutant,,33,100,900 lb // 405 kg
Bullseye,"Benjamin Poindexter, Daredevil, Punisher, Bullseye, Hawkeye, pitcher",bad,70,70,blue,Lester,male,blond,6'0 // 183 cm,50,-,-,20,Marvel Comics,Human,,25,11,200 lb // 90 kg
Iron-Man,"Iron Knight, Hogan Potts, Spare Parts Man, Cobalt Man II, Crimson Dynamo, Ironman",good,64,85,Blue,Anthony Edward Stark,male,Black,6'6 // 198 cm,100,"Tony Stark, Shellhead, The Golden Avenger, Tetsujin, Tin Man","Long Island, New York",100,Marvel Comics,Human,,58,85,425 lb // 191 kg
Wolverine,"Weapon X, Weapon Ten, Death, Mutate 9601, Jim Logan, Emilio Garra, Weapon Chi, Experiment X, Agent Ten, Peter Richards, Mai kethLogan, Mr. Patch",good,100,100,Blue,James Howlett,male,Black,5'3 // 160 cm,63,"The Ol Canucklehead, Canada, Wildboy","Alberta, Canada",85,Marvel Comics,Mutant,,42,32,300 lb // 135 kg
Colossus,"Pete, Peter Nicholas, The Proletarian, Little Brother",good,80,100,Silver,Piotr Nikolaievitch Rasputin,male,Black,7'5 // 226 cm,63,Peter,"Ust-Ordynski Collective, near Lake Baikal, Siberia, Russia",45,Marvel Comics,Mutant,,33,83,500 lb // 225 kg
Hercules,"Spider-Herc, The Lion of Olympus, The Defender of Olympus, The Scion of Olympus, Prince of Power, Alcaeus, Herakles, Herc, Harry Cleese, Victor Tegler, Agent 74",good,100,85,Blue,Heracles,male,Brown,6'5 // 196 cm,63,-,"Thebes, Greece",79,Marvel Comics,Demi-God,,46,100,325 lb // 146 kg
Luke-Cage,"Carl Lucas, Power Man, Mark Lucas, Hero for Hire, Ace of Spades",good,70,95,Brown,Luke Cage,male,Black,6'6 // 198 cm,50,-,"Harlem, New York City",44,Marvel Comics,Human,,29,63,425 lb // 191 kg
Armor,"X-Girl, Kid",good,54,80,Black,Hisako Ichiki,female,Black,5'4 // 163 cm,50,-,-,55,Marvel Comics,-,,12,63,112 lb // 50 kg
Venom-II,-,bad,56,70,Brown,Angelo Fortunato,male,Black,5'9 // 175 cm,50,-,-,54,Marvel Comics,-,,47,57,110 lb // 50 kg
Spyke,"Porcupine, Armadillo",good,30,60,Brown,Evan Daniels,male,Blond,6'0 // 183 cm,50,-,-,48,Marvel Comics,Mutant,,17,12,185 lb // 83 kg
Firestar,"Angel, Anj, Lady Comet",good,32,55,Green,Angelica Jones,female,Red,5'8 // 173 cm,50,-,Place of birth unknown,71,Marvel Comics,Mutant,,54,8,125 lb // 56 kg
Feral,-,good,70,28,Yellow (without irises),Maria Callasantos,-,Orange / White,5'9 // 175 cm,38,-,Place of birth unknown,27,Marvel Comics,-,,45,28,110 lb // 50 kg
Magus,Warlock's Father,bad,74,99,Black,-,male,-,6'0 // 183 cm,88,-,Kvch (TechnarchyÎês home planet),100,Marvel Comics,-,,70,100,- lb // 0 kg
Beta-Ray-Bill,"Beta Ray Thor, Simon Walters",good,84,95,-,Beta Ray Bill (translation of his Korbinite name),male,No Hair,6'7 // 201 cm,63,-,Burning Galaxy,100,Marvel Comics,-,,35,80,480 lb // 216 kg
Black-Bolt,-,good,56,84,Blue,Blackagar Boltagon,male,Black,6'2 // 188 cm,75,-,"Attilan, Atlantic Ocean",100,Marvel Comics,Inhuman,,100,67,210 lb // 95 kg
Absorbing-Man,"Greithoth, ""Crusher"" Creel, Rocky Davis, Dynamite Davis, Lightningbolt, Prisoner #24957",bad,64,100,Blue,Carl Creel,male,No Hair,6'4 // 193 cm,38,-,"New York City, New York",98,Marvel Comics,Human,,25,80,270 lb // 122 kg
Arclight,-,bad,70,42,Violet,Philippa Sontag,female,Purple,5'8 // 173 cm,38,-,Vietnam,52,Marvel Comics,-,,23,63,126 lb // 57 kg
Molten-Man,-,bad,56,84,Gold,Mark Raxton,male,Gold,6'5 // 196 cm,50,-,-,53,Marvel Comics,-,,23,73,550 lb // 248 kg
Firebird,"Pajaro Del Fuego, La Espirita, Firemaiden",good,42,14,Brown,Bonita Juarez,female,Black,5'5' // 165 cm,38,-,"Buena Vista, New Mexico",95,Marvel Comics,-,,40,8,125 lb // 56 kg
Atlas,"Power Man, Smuggler, Goliath, Shatterfist, Intruder from Beyond, Edward Jantzen",good,42,99,Brown,Erik Stephan Josten,male,Red,6'0 // 183 cm,50,-,-,74,Marvel Comics,-,,23,80,225 lb // 101 kg
Tigra,"The Cat, Greer Sorenson",good,90,38,Green,Greer Grant Nelson,female,Auburn,5'10 // 178 cm,63,"Werecat, Grimalkin",Presumably Chicago Illinois USA,33,Marvel Comics,-,,53,32,180 lb // 81 kg
Ant-Man,"Hank Pym, Doctor Pym, Ant-Man, Goliath, Yellowjacket, Wasp, Earth's Scientist Supreme",good,32,28,Blue,Henry Jonathan Pym,male,Blond,6'11 // 211 cm,100,-,"Elmsford, New York",32,Marvel Comics,Human,,23,18,270 lb // 122 kg
Kraven-II,-,bad,85,28,Brown,Alyosha Kravinoff,male,Black,6'3 // 191 cm,50,-,-,43,Marvel Comics,Human,,23,34,220 lb // 99 kg
Vanisher,Telford Porter,bad,42,56,Green,-,male,No Hair,5'5 // 165 cm,63,-,"Boston, Massachusetts",61,Marvel Comics,-,,75,10,175 lb // 79 kg
Falcon,"Sam Wilson, (formerly) Captain America, Blackbird, Blackwing, Brother Superhero",good,64,28,Brown,Samuel Thomas Wilson,male,Black,6'2 // 188 cm,38,Snap,"New York, New York",22,Marvel Comics,Human,,50,13,240 lb // 108 kg
Angel-Dust,"Angel, Dusty",good,30,42,Yellow,Christina,female,Black,5'5 // 165 cm,38,-,-,17,Marvel Comics,Mutant,,23,55,126 lb // 57 kg
Captain-Planet,"The Captain, CP, Planet",good,60,80,Red,-,male,Green,- // 0 cm,50,-,-,100,Marvel Comics,God / Eternal,,75,88,- lb // 0 kg
Marvel-Girl,"Rachel Grey, formerly Phoenix, Mother Askani, Bright Lady, Aly'zrn Summerset",good,80,42,Green,Rachel Anne Summers,female,Red,5'7' // 170 cm,63,Ray,-,100,Marvel Comics,-,,47,85,125 lb // 56 kg
Cable,"Chosen One, Soldier X, Nathan Dayspring, Askani'son, Nathan Dayspring Summers, Nathan Winters, The Traveller, The Saviour",good,80,56,Blue,Nathan Christopher Charles Summers Dayspring,male,White,6'8 // 203 cm,88,-,Unrevealed location in the 20th Century United States,100,Marvel Comics,Mutant,,23,48,350 lb // 158 kg
Drax-the-Destroyer,-,good,65,85,Red,Arthur Sampson Douglas,male,No Hair,6'4 // 193 cm,56,-,"Burbank, California",46,Marvel Comics,Human / Altered,Green,25,80,680 lb // 306 kg
Ant-Man-II,"Myrmidon, Scott Edward Harris Lang",good,30,40,Blue,Scott Lang,male,Blond,6'0 // 183 cm,75,-,"Coral Gables, Florida",53,Marvel Comics,Human,,17,18,190 lb // 86 kg
Ego,The Living Planet,bad,28,99,-,Ego,-,-,- // 0 cm,88,-,The Black Galaxy,71,Marvel Comics,-,,83,80,- lb // 0 kg
Kang,"Blue Man, Victor Timely, Blue Totem, Scarlet Centurion, Rama-Tut, King of Kings, Master of Men, Lord of the Seven Suns",bad,70,70,Brown,Nathaniel Richards,male,Brown,6'3 // 191 cm,100,-,"Other Earth, 31st century",100,Marvel Comics,-,,58,48,230 lb // 104 kg
Synch,-,good,56,28,Brown,Everett Thomas,male,Black,5'11 // 180 cm,75,-,-,74,Marvel Comics,-,,23,67,165 lb // 74 kg
Sunspot,"Robert DaCosta, Bobby; Black Rook, Black King, Reignfire",good,70,25,brown,Roberto DaCosta,male,black,5'8 // 173 cm,63,-,"Rio de Janeiro, Brazil",86,Marvel Comics,Mutant,,35,63,170 lb // 77 kg
Hawkeye-II,Kate Bishop,good,50,10,Blue,Katherine Elizabeth Bishop,female,Black,5'5 // 165 cm,50,-,"New York City, New York",24,Marvel Comics,Human,,8,6,126 lb // 57 kg
Longshot,"The Lost Messiah, The Lucky One",good,70,10,Blue,-,male,Blond,6'2 // 188 cm,50,-,-,71,Marvel Comics,Human,,27,10,80 lb // 36 kg
Snowbird,Anne McKenzie-Thompson,good,52,42,White,Narya,female,Blond,5'10' // 178 cm,50,-,"Near Resolute Bay, Northwest Territories, Canada",70,Marvel Comics,-,,27,32,108 lb // 49 kg
Multiple-Man,-,good,62,70,Blue,James Arthur,male,Brown,5'11' // 180 cm,63,Jamie,"Los Alamos, New Mexico",28,Marvel Comics,-,,23,11,155 lb // 70 kg
Mach-IV,"Beetle, MACH-I, MACH-II, MACH-III, Matthew",bad,56,84,Brown,Abner Jenkins,male,Brown,5'11 // 180 cm,75,-,"Baltimore, Maryland",60,Marvel Comics,-,,60,36,175 lb // 79 kg
Ink,-,good,50,40,Blue,Eric Gitter,male,No Hair,5'11 // 180 cm,38,-,-,73,Marvel Comics,Mutant,,17,28,180 lb // 81 kg
Black-Widow,"Yelena Belova, Natasha Romanoff, Natasha, Tasha, Madame Natasha, Nancy Rushman, Laura Matthers, Nadine Roman, ""Oktober"", Black Pearl, Ebon Flame",good,100,30,Green,Natalia Alianovna Romanova,female,Auburn,5'7 // 170 cm,75,-,-,36,Marvel Comics,Human,,33,13,131 lb // 59 kg
Franklin-Storm,Franklin Storm was erroneously believed to be the first Invincible Man,good,10,1,Blue,Dr. Franklin Storm,-,Grey,6'2' // 188 cm,38,-,Place of birth unknown,0,Marvel Comics,-,,1,10,205 lb // 92 kg
Hawkeye,"Ronin, Goliath II, Golden Archer, the Marksman, Father Time, Longbow",good,80,14,Blue,Clinton Francis Barton,male,Blond,6'3 // 191 cm,50,Clint,"Waverly, Iowa",25,Marvel Comics,Human,,23,12,230 lb // 104 kg
Blackwulf,"Pelops, Black Wolf",-,25,30,Red,Lucian,male,White,6'2 // 188 cm,50,-,Armechadon,69,Marvel Comics,Alien,,8,28,195 lb // 88 kg
Vision,Victor Shade,good,70,95,Gold,Vision,male,No Hair,6'3 // 191 cm,100,-,-,94,Marvel Comics,Robot,Red,54,72,300 lb // 135 kg
Black-Mamba,Tanya Sweet,bad,65,42,Green,Tanya Sealy,female,Black,5'7 // 170 cm,75,-,"Chicago, Illinois",78,Marvel Comics,-,,35,10,115 lb // 52 kg
Hope-Summers,"Mutant Messiah, Messiah Child, Hub, Throat Slicer, Little Girl, Little Momma",good,75,32,Green,Hope Summers,female,Red,5'6 // 168 cm,63,-,-,89,Marvel Comics,-,,12,10,106 lb // 48 kg
Hydro-Man,Morrie,bad,50,80,Brown,Morris Bench,male,Brown,6'2 // 188 cm,38,-,"Bronx, New York",66,Marvel Comics,-,,25,13,265 lb // 119 kg
Green-Goblin,"Normie, Green Goblin, Goblin Lord, Overlord, the Goblin, ""Gobby"", Scrier, Commander Osborn, Director Osborn, Iron Patriot",bad,50,60,Blue,Norman Virgil Osborn,male,Auburn,5'11 // 180 cm,100,-,"Hartford, Connecticut",48,Marvel Comics,Human,,38,48,185 lb // 83 kg
Machine-Man,"Sir McHinery, Mister Machine.Machine Man",good,64,84,Red,"X-51, Aaron Stack",-,Black,6' // 183 cm,63,-,"Central City, California",51,Marvel Comics,-,,35,32,850 lb // 383 kg
Spider-Gwen,Spider-Woman,good,70,70,Blue,Gwendolyne Stacy,female,Blond,5'5 // 165 cm,75,-,-,66,Marvel Comics,Human,,63,55,125 lb // 56 kg
Namora,"Sub-Mariner, Avenging Daughter, the Sea Beauty",good,64,42,Blue,Aquaria Nautica Neptunia,female,Blond,5'11 // 180 cm,50,-,Unnamed Atlantean outpost,48,Marvel Comics,-,,42,85,189 lb // 85 kg
Sabretooth,"Slasher, El Tigre",bad,100,90,Amber,Victor Creed,male,Blond,6'6 // 198 cm,56,-,-,50,Marvel Comics,Mutant,,38,48,380 lb // 171 kg
Sandman,"Flint Marko, Sylvester Mann, Quarryman",neutral,60,90,Brown,-,male,Brown,6'1 // 185 cm,44,-,"Queens, New York",100,Marvel Comics,Human,,46,75,450 lb // 203 kg
Thor-Girl,"Asgard Lass, the Designate, the Destroyer, Hammerette, Hammer Girl, Hammer Lass, Tara Olson, Spirit of the Jewel, the Supreme, Thoreta, Thorita, Thor Lass",good,70,84,Blue,Tarene,female,Blond,5'9 // 175 cm,75,-,-,100,Marvel Comics,Asgardian,,70,83,317 lb // 143 kg
Namorita,"Kymaera, Hard",good,70,70,Blue,Namorita Prentiss,female,Blond,5'6 // 168 cm,50,Nita,Atlantis Outskirts,37,Marvel Comics,-,,47,72,225 lb // 101 kg
Boom-Boom,-,good,64,42,-,Tabitha Smith,female,-,- // 0 cm,38,-,-,56,Marvel Comics,Mutant,,12,10,- lb // 0 kg
Man-Thing,the Vagornus Koth; the Swamp Walker; Mr. Salad; Walking Mulch Heap,good,40,100,Red,Dr. Theodore Sallis,male,No Hair,7'0 // 213 cm,50,-,-,100,Marvel Comics,-,Green,8,32,500 lb // 225 kg
Mysterio,"Nicholas Macabes, Rudolph Hines, Gerdes, Doctor Ludwig Rinehart",bad,70,40,Brown,Quentin Beck,male,No Hair,5'11 // 180 cm,81,-,"New York, New York",77,Marvel Comics,Human,,17,10,175 lb // 79 kg
Daredevil,"Matt, Jack Batlin, Kingpin of Crime, Laurent LeVasseur, Michael ""Mike"" Murdock, Scarlet Swashbuckler, Nameless One, Kingpin of Hell's Kitchen, The Man Without Fear, The Guardian Devil, DD, Red, Hornhead, Cooper Peyton, Captain Universe",good,100,35,Blue,Matthew Michael Murdock,male,Red,6'0 // 183 cm,75,-,"New York City, New York",61,Marvel Comics,Human,,25,13,200 lb // 90 kg
Green-Goblin-II,-,bad,26,50,Blue,Harold Osborn,male,Auburn,5'10 // 178 cm,75,Harry,New York City,44,Marvel Comics,-,,37,55,170 lb // 77 kg
Mockingbird,"Barbara Morse-Barton, Roberta Morse, Agent 19, Huntress, Bobbi Van Dyne; once posed as Shooting Star",good,95,20,Blue,Barbara Morse,female,Blond,5'9 // 175 cm,75,-,"San Diego, California",48,Marvel Comics,Human,,38,31,135 lb // 61 kg
Shadow-King,"Professor X, Ananasi, Amahl Farouk, Evil One, Master of the Games; he also impersonated the following mind-controlled subjects (in chronological order): Alexander Flynn, Karma, Cypher, Jacob Reisz, Donald Pierce and probably others",good,75,100,Red,Amahl Farouk,-,-,6'1 // 185 cm,75,-,-,100,Marvel Comics,-,,27,12,330 lb // 149 kg
Junkpile,-,bad,30,90,-,-,male,-,- // 0 cm,50,-,-,81,Marvel Comics,Mutant,,17,38,- lb // 0 kg
Yellowjacket,Hank Pym,good,14,28,Blue,Henry Jonathan Pym,male,Blond,6' // 183 cm,88,-,"Elmsford, New York",12,Marvel Comics,Human,,12,10,185 lb // 83 kg
Shocker,-,bad,56,70,Brown,Herman Schultz,male,Brown,5'9 // 175 cm,63,-,-,79,Marvel Comics,Human,,23,10,175 lb // 79 kg
Sage,-,good,56,14,Blue,Tessa,female,Black,5'7' // 170 cm,75,Lady Tessa,Place of birth unknown,28,Marvel Comics,-,,12,10,135 lb // 61 kg
Air-Walker,-,bad,40,85,Blue,Gabriel Lan,male,White,6'2 // 188 cm,50,-,"Xandar, a planet in the Tranta system, Andromeda galaxy",100,Marvel Comics,-,,100,85,240 lb // 108 kg
Swarm,-,bad,35,90,Yellow,Fritz von Meyer,male,No Hair,6'5 // 196 cm,75,-,-,38,Marvel Comics,Mutant,Yellow,50,18,104 lb // 47 kg
Forge,"The Maker, Cheyenne",good,48,28,Brown,-,-,Black,6' // 183 cm,63,-,"Unrevealed, presumably in the American West",20,Marvel Comics,-,,12,10,180 lb // 81 kg
Warlock,"Him, (in an alternate future) the Magus",good,95,95,Red,Adam Warlock,male,Blond,6'2' // 188 cm,88,-,"The Beehive, Shard Island, Atlantic Ocean",71,Marvel Comics,-,,79,36,240 lb // 108 kg
Bantam,-,good,56,54,Brown,Roberto Velasquez,male,Black,5'5 // 165 cm,25,-,-,21,Marvel Comics,-,,23,53,119 lb // 54 kg
Banshee,Death,good,70,40,Green,Sean Cassidy,male,Strawberry Blond,6'0 // 183 cm,50,-,"Cassidy Keep, Ireland",63,Marvel Comics,Human,,58,10,170 lb // 77 kg
Hellcat,"Patsy Walker, Patricia Hellstrom, The Cat",good,70,45,Blue,Patricia Walker,female,Red,5'8 // 173 cm,63,Patsy,"Centerville, CA USA",46,Marvel Comics,Human,,33,11,135 lb // 61 kg
Shriek,Sandra Deel,good,42,28,Yellow / Blue,Frances Louise Barrison,female,Black,5'8 // 173 cm,50,-,-,45,Marvel Comics,-,,23,10,115 lb // 52 kg
Nova,"Rich, Bucket-Head, Human Rocket, Kid Nova, , Nova Prime, Quasar",good,80,100,Brown,Richard Rider,male,Brown,6'1 // 185 cm,100,-,"Queens, NY",100,Marvel Comics,Human,,75,85,190 lb // 86 kg
She-Hulk,Jade Giantess,good,70,100,Green,Jennifer Walters,female,Green,6'7 // 201 cm,69,Shulkie,"Los Angeles, California",40,Marvel Comics,Human,,42,100,700 lb // 315 kg
Living-Brain,-,bad,28,56,Yellow,-,-,-,6'6 // 198 cm,75,-,-,31,Marvel Comics,-,,35,53,800 lb // 360 kg
Black-Cat,Felicity Harmon,good,70,10,Green,Felicia Hardy,female,Blond,5'10 // 178 cm,75,-,"Queens, New York",23,Marvel Comics,Human,,33,16,120 lb // 54 kg
Jolt,"Holly Tsuruta, Hallie Shimosato",good,42,32,Blue,Helen Takahama,female,Black,5'5 // 165 cm,63,Hallie,"Ojai, California",31,Marvel Comics,-,,27,12,109 lb // 49 kg
Chamber,"Decibel, Jono, Jono Hex",good,64,80,Brown,Jonothon Evan Starsmore,male,Brown,5'9 // 175 cm,50,-,United Kingdom,57,Marvel Comics,Mutant,,20,10,140 lb // 63 kg
Punisher,"Big Nothing, Major Bateman, Ted Bishop, Cliff Callador, Castigo, Chaloner, Fred D'Amato, Eastman, Charles Fort, Frank Loomis, McRook, Melchior, Joe Rainey, Frank Rook, Richard Rook, Tony Knowlen Ross, Francis Stronghold, Johnny Tower, Dmitri Velikoff, Fra",good,100,45,Blue,Francis Castiglione,male,Black,6'0' // 183 cm,69,-,"Queens, New York",42,Marvel Comics,Human,,21,16,200 lb // 90 kg
Big-Man,Patch,bad,70,28,Blue,Frederick Foswell,male,Brown,5'5 // 165 cm,75,-,-,19,Marvel Comics,-,,23,12,157 lb // 71 kg
Red-Hulk,"Rulk, Hulk, Thunderbolt, General Ross",neutral,75,85,Yellow,Thaddeus E. Ross,male,Black,7'0 // 213 cm,50,-,-,82,Marvel Comics,Human / Radiation,Red,47,100,1400 lb // 630 kg
Iron-Monger,-,bad,56,90,Blue,Obadiah Stane,male,No Hair,- // 0 cm,88,-,-,57,Marvel Comics,-,,25,63,4230 lb // 2 tons
Walrus,-,bad,20,50,Blue,Hubert Carpent,male,Black,6'0 // 183 cm,50,-,"Brooklyn, New York",11,Marvel Comics,Human,,8,28,360 lb // 162 kg
Loki,"God of Mischief, Gem-Keeper, Walter Lawson, Lester, Loren Olsen, Tyfon, Father Williams, Willie, Tso Zhung; has also impersonated hundreds of others.",bad,56,85,Green,Loki Laufeyson,male,Black,6'4 // 193 cm,88,-,"Jotunheim, Asgard",97,Marvel Comics,-,,47,57,525 lb // 236 kg
Toad,The Terrible Toad-King,neutral,28,56,Black,Mortimer Toynbee,male,Brown,5'9 // 175 cm,50,-,"York, England",70,Marvel Comics,Mutant,Green,58,34,169 lb // 76 kg
Cyclops,"Scotty, Cyke, Slim, Fearless Leader, One-Eye, Erik the Red, Slym Dayspring, Mutate 007, Apocalypse",good,80,42,Brown,Scott Summers,male,Brown,6'3 // 191 cm,75,Slim,"Anchorage, Alaska",76,Marvel Comics,Mutant,,23,10,195 lb // 88 kg
Battlestar,Bucky,good,74,74,Brown,Lemar Hoskins,male,Black,6'6 // 198 cm,50,-,"Chicago, Illinois",48,Marvel Comics,-,,35,53,295 lb // 133 kg
Spider-Man,"Spiderman, Bag-Man, Black Marvel, Captain Universe, Dusk, Green Hood, Hornet, Mad Dog 336, Peter Palmer, Prodigy, Ricochet, Scarlet Spider, Spider-Boy, Spider-Hulk, Spider-Morphosis",good,85,75,Hazel,Peter Benjamin Parker,male,Brown,5'10 // 178 cm,90,"Spidey, Friendly Neighborhood Spider-Man, Webslinger, Webhead, Spiderman","New York, New York",74,Marvel Comics,Human,,67,55,165 lb // 74 kg
Arachne,"Spider-Woman, Madame Web",good,70,70,Blue,Julia Carpenter,female,Blond,5'9 // 175 cm,50,-,"Los Angeles, California",71,Marvel Comics,Human,,50,48,140 lb // 63 kg
Mister-Fantastic,Mr Fantastic,good,64,70,Brown,Reed Richards,male,Brown,6'1 // 185 cm,100,-,"Central City, California",33,Marvel Comics,Human / Radiation,,18,10,180 lb // 81 kg
Deadpool,"Wade Wilson, Jack, Chiyonosake (""the Wolf of the Rice Wine""), Rhodes, Corpus, Lopez, Hobgoblin, Thom Cruz, Peter Parker",neutral,100,100,Brown,Wade Winston Wilson,male,No Hair,6'2 // 188 cm,69,-,Canada,100,Marvel Comics,Mutant,,50,32,210 lb // 95 kg
Triton,-,good,55,65,Green,-,male,No Hair,6'2 // 188 cm,56,-,"Island of Attilan, Atlantic Ocean",35,Marvel Comics,Inhuman,Green,50,63,190 lb // 86 kg
Thunderbird,-,good,70,32,Brown,John Proudstar,male,Black,6'1 // 185 cm,50,-,"Camp Verde, Arizona",13,Marvel Comics,-,,27,32,225 lb // 101 kg
Bloodaxe,-,bad,84,80,Blue,Jackie Lukus,female,Brown,7'2 // 218 cm,63,-,-,100,Marvel Comics,Human,,33,80,1100 lb // 495 kg
Apocalypse,"The Eternal One, the High Lord, Set, Huitxilopochti, Sauru, Kali-Ma",bad,60,100,Red,En Sabah Nur,male,Black,7'0 // 213 cm,100,-,"Akkaba, Egypt",100,Marvel Comics,Mutant,Grey,33,100,300 lb // 135 kg
Yellowjacket-II,-,good,28,28,Blue,Rita DeMara,female,Strawberry Blond,5'5 // 165 cm,50,-,-,31,Marvel Comics,Human,,35,10,115 lb // 52 kg
Sebastian-Shaw,-,bad,56,95,-,Sebastian Hiram Shaw,male,-,- // 0 cm,63,-,-,36,Marvel Comics,Mutant,,12,85,- lb // 0 kg
Bird-Brain,Bird-Boy,good,42,28,-,-,-,-,- // 0 cm,25,-,-,21,Marvel Comics,-,,35,10,- lb // 0 kg
Ultron,"Crimson Cowl, Great Devil, Great Ultron, Iron Man, Mark, Omega, Ultimate Ultron, Ultron-5 (and hundreds of other sequential numerical designations), Ultron Mark Twelve, Ho Yinsen",bad,64,100,Red,Ultron,male,-,6'9 // 206 cm,88,-,"Created in Cresskill, New Jersey",100,Marvel Comics,Robot,Silver,42,83,735 lb // 331 kg
Carnage,"Mass Carnage, 999th",bad,90,84,Green,Cletus Kasady,male,Red,6'1 // 185 cm,63,-,-,88,Marvel Comics,Symbiote,,70,63,190 lb // 86 kg
Anti-Venom,"Eddie, Edwin Brock, Venom, Lethal Protector, White Venom, 998th",-,84,90,Blue,Edward Charles Allan Brock,male,Blond,7'6 // 229 cm,75,-,"San Francisco, California",96,Marvel Comics,Symbiote,,65,60,795 lb // 358 kg
Moon-Knight,"Jake Lockley, Steven Grant, Yitzak Topol, Fist of Khonshu, Crescent Crusader, Lunar Legionnaire",good,75,42,Brown,Marc Spector,male,Brown,6'2 // 188 cm,50,-,"Chicago, Illinois",28,Marvel Comics,Human,,23,36,225 lb // 101 kg
Crystal,"Crys, Exquisite Elemental",good,56,14,Green,Crystallia Amaquelin Maximoff,female,Red,5'6 // 168 cm,63,-,Attilan,57,Marvel Comics,Inhuman,,12,16,110 lb // 50 kg
Jessica-Jones,"Knightress, Madeline, Jewel, Power Woman",good,55,70,Brown,Jessica Campbell Jones Cage,female,Brown,5'7 // 170 cm,56,-,"Forrest Hills, New York City",18,Marvel Comics,Human,,50,44,124 lb // 56 kg
Purple-Man,Kilgrave,bad,10,30,Purple,Zebediah Killgrave,male,Purple,5'11 // 180 cm,56,-,-,92,Marvel Comics,Human,Purple,8,10,165 lb // 74 kg
Tyrant,-,bad,65,100,Red,Tyrant,male,No Hair,10'0 // 305 cm,94,-,-,100,Marvel Comics,Cosmic Entity,,100,100,2440 lb // 1 tons
Cannonball,"Formerly Samson Guthry, Sam Guthrie, Jet-Ass",good,56,99,Blue,Samuel Zachery Guthrie,male,Blond,6'0 // 183 cm,50,-,"Cumberland County, Kentucky",84,Marvel Comics,-,,67,28,181 lb // 81 kg
Ultragirl,"Suzy Sherman, Ultra-Girl",good,80,70,Blue,Tsu-Zana,female,Blond,5'6 // 168 cm,50,-,-,35,Marvel Comics,-,,35,80,233 lb // 105 kg
Goblin-Queen,"Anodyne, Maddie, Lyne, Red, Madelyne Pryor-Summers",bad,56,28,Green,Madelyne Jennifer Pryor,female,Red,5'6 // 168 cm,75,-,"Created in Sinister's Labs, Nebraska",65,Marvel Comics,-,,23,10,110 lb // 50 kg
Warpath,Thunderbird,good,84,70,Brown,James Proudstar,male,Black,7'2 // 218 cm,38,Jimmy,"Camp Verde, Arizona",26,Marvel Comics,Mutant,,47,72,350 lb // 158 kg
Cloak,-,good,56,64,brown,Tyrone Johnson,male,black,7'5 // 226 cm,63,-,"South Boston, Massachusetts",96,Marvel Comics,-,,47,10,155 lb // 70 kg
Emma-Frost,"Storm, White Queen",good,42,90,Blue,Emma Frost,female,Blond,5'10' // 178 cm,75,-,"Boston, Massachusetts",100,Marvel Comics,-,,35,63,144 lb // 65 kg
Morlun,-,bad,56,42,White / Red,Morlun,male,Black,6'2 // 188 cm,63,-,-,64,Marvel Comics,-,,35,60,175 lb // 79 kg
Doppelganger,"The Spider-Man Doppelganger, Spider-Doppelganger, Mindless One",bad,84,95,White,-,male,No Hair,6'5 // 196 cm,8,-,The Dimension of Manifestations,69,Marvel Comics,-,,60,63,230 lb // 104 kg
Doc-Samson,-,good,70,80,Blue,Leonard Samson,male,Green,6'6 // 198 cm,75,-,"Tulsa, Oklahoma",36,Marvel Comics,Human / Radiation,,33,80,380 lb // 171 kg
Captain-America,"Nomad, The Captain",good,100,55,blue,Steven Grant Rogers,male,blond,6'2 // 188 cm,69,-,"Manhattan, New York City, New York",60,Marvel Comics,Human,,38,19,240 lb // 108 kg
Maverick,"Chris, Bolt",good,85,42,Blue,Christopher Bradley,male,Black,6'4 // 193 cm,63,-,-,60,Marvel Comics,-,,12,10,244 lb // 110 kg
Northstar,Jean-Paul Martin,good,70,56,Blue,Jean-Paul Beaubier,male,Black,5'11 // 180 cm,50,-,"Montreal, Qu’©bec, Canada",65,Marvel Comics,-,,83,18,185 lb // 83 kg
Shadowcat,"Kitty Pryde, Ariel, Sprite, Cat",good,70,25,Hazel,Katherine Pryde,female,Brown,5'6 // 168 cm,88,"Kitty, Kitten, Katya","Deerfield, Illinois",69,Marvel Comics,Mutant,,21,8,110 lb // 50 kg
Shatterstar,Benjamin Russell,good,84,64,Brown,Gaveedra Seven,male,Red,6'3 // 191 cm,63,-,Mojoworld,49,Marvel Comics,-,,45,48,195 lb // 88 kg
Hulk,"Annihilator, Captain Universe, Joe Fixit, Mr. Fixit, Mechano, Professor, War",good,85,100,Green,Robert Bruce Banner,male,Green,8'0 // 244 cm,88,"Jade Jaws, Golly Green Giant","Dayton, Ohio",98,Marvel Comics,Human / Radiation,Green,63,100,1400 lb // 630 kg
Scarlet-Spider,"Spider-Clone, Spider-Man",good,56,74,Blue,Benjamin Reilly,male,Blond,5'10' // 178 cm,75,Ben,Place of birth unknown,46,Marvel Comics,Human,,60,53,165 lb // 74 kg
Negasonic-Teenage-Warhead,Warhead,good,35,10,Black,-,female,Black,- // 0 cm,50,-,-,45,Marvel Comics,Mutant,,8,7,- lb // 0 kg
Vulture,-,bad,56,56,Brown,Adrian Toomes,male,No Hair,5'11 // 180 cm,63,-,"Staten Island, New York City",40,Marvel Comics,-,,47,22,175 lb // 79 kg
Sif,"Lady Sif, Erika Velez, Mrs. Chambers, Sybil",good,70,80,Blue,Sif,female,Black,6'2 // 188 cm,63,-,-,100,Marvel Comics,Asgardian,,67,90,425 lb // 191 kg
Captain-Marvel,"Ace, Binary, Lady Marvel, Warbird, others used during her espionage career",good,80,90,Blue,Carol Susan Jane Danvers,female,Blond,5'11 // 180 cm,81,-,"Boston, Massachusetts",100,Marvel Comics,Human / Radiation,,71,83,165 lb // 74 kg
Nightcrawler,-,good,80,14,Yellow,Kurt Wagner,male,Indigo,5'9' // 175 cm,50,Fuzzy Elf,Somewhere in the Bavarian Alps,76,Marvel Comics,-,,47,10,195 lb // 88 kg
Blizzard-II,-,bad,56,42,Brown,Donald Gill,male,Brown,5'9 // 175 cm,38,Donnie Gill,"Newark, Delaware",47,Marvel Comics,-,,27,10,170 lb // 77 kg
Deathlok,Demolisher,good,60,70,Brown,Luther Manning,male,Grey,6'4 // 193 cm,69,-,-,40,Marvel Comics,Cyborg,,30,32,395 lb // 178 kg
Frenzy,-,bad,52,100,Brown,Joanna Cargill,female,Black,6'11 // 211 cm,63,-,-,38,Marvel Comics,-,,35,53,230 lb // 104 kg
Quill,Max,good,14,14,Brown,Maxwell Jordan,male,Brown,5'4 // 163 cm,38,-,-,23,Marvel Comics,-,,12,10,124 lb // 56 kg
Venompool,Deadpool,-,100,100,-,-,male,-,7'5 // 226 cm,69,-,-,100,Marvel Comics,Symbiote,,63,57,- lb // 0 kg
Evilhawk,-,bad,64,70,Red,Dargin Bokk,male,Black,6'3 // 191 cm,50,-,-,85,Marvel Comics,Alien,Green,33,32,235 lb // 106 kg
Abraxas,-,bad,55,100,Blue,Abraxas,male,Black,- // 0 cm,88,-,Within Eternity,100,Marvel Comics,Cosmic Entity,,83,63,- lb // 0 kg
Mephisto,"Satan; Mephistopheles, Lord of Evil, Prince of Devils, Prince of Lies, Lord of the Lower Depths, Satan, Beelzebub, the Devil, Maya, Lucifer, Nick Scratch, the Friend, Legion, numerous others; impersonated Don Blake, many others",bad,42,95,White,-,male,Black,6'6 // 198 cm,88,-,Hell,100,Marvel Comics,-,,35,85,310 lb // 140 kg
Thundra,-,good,54,64,Green,Thundra,female,Red,7'2 // 218 cm,38,-,-,26,Marvel Comics,-,,32,81,350 lb // 158 kg
Winter-Soldier,"Bucky, Captain America",good,84,65,Brown,James Buchanan Barnes,male,Brown,5'9 // 175 cm,56,-,-,60,Marvel Comics,Human,,35,32,260 lb // 117 kg
Shang-Chi,The Master of Kung Fu; The Rising and Advancing of the Spirit; Chinaman (by Jack Tarr),good,100,50,Brown,Shang-Chi,male,Black,5'10 // 178 cm,63,-,-,29,Marvel Comics,Human,,30,12,175 lb // 79 kg
Stardust,Entity Lambda-Zero,good,85,110,-,-,male,-,- // 0 cm,88,-,-,100,Marvel Comics,-,,100,85,- lb // 0 kg
Wyatt-Wingfoot,-,good,56,1,Brown,Wyatt Wingfoot,male,Black,6'5' // 196 cm,10,-,"Keewazi Reservation, Oklahoma",1,Marvel Comics,-,,12,10,260 lb // 117 kg
Toxin,"Eddie, Sister Edwina, ""Ed"", Edwin Brock, Venom, Lethal Protector, 998th, Anti-Venom, White Venom",good,70,85,Black,Edward Charles Allan Brock,male,Blond,6'3 // 191 cm,75,-,"San Francisco, California",97,Marvel Comics,Symbiote,,42,80,260 lb // 117 kg
3-D-Man,-,good,52,32,Brown,Charles Chandler,male,Grey,6'2 // 188 cm,50,Chuck,-,25,Marvel Comics,-,,43,31,200 lb // 90 kg
Magneto,"The Creator, Erik Magnus Lehnsherr, Michael Xavier, White Pilgrim, Erik the RedThe Master of Magnetism",bad,80,84,Grey,Erik Magnus Lensherr,male,White,6'2 // 188 cm,88,-,"Unrevealed, probably somewhere in Northern Europe",91,Marvel Comics,Mutant,,27,80,190 lb // 86 kg
Man-Wolf,"Stargod, Vanwolf, Skywolf",good,70,42,Brown,John Jameson,male,Auburn,6'2' // 188 cm,63,-,"New York, New York",45,Marvel Comics,-,,35,44,200 lb // 90 kg
Jennifer-Kale,Wendy the Good Little Witch,good,72,42,Blue,Jennifer Kale,female,Blond,5'6 // 168 cm,75,-,"Citrusville, Florida",69,Marvel Comics,-,,35,10,122 lb // 55 kg
Juggernaut,"Kuurth, Captain Universe",neutral,70,100,Blue,Cain Marko,male,Red,9'5 // 287 cm,44,-,"Berkeley, California",85,Marvel Comics,Human,,42,100,1900 lb // 855 kg
Evil-Deadpool,Dreadpool,bad,100,100,White,-,male,Red,6'2 // 188 cm,69,-,-,100,Marvel Comics,Mutant,,50,32,210 lb // 95 kg
Ajax,"""Frankie"", the A-Man, the Attending",bad,55,80,Brown,Francis,male,Black,6'4 // 193 cm,56,-,-,34,Marvel Comics,Cyborg,,35,48,200 lb // 90 kg
Tempest,-,good,60,28,Brown,Angel Salvadore Bohusk,female,Black,5'4 // 163 cm,38,-,-,62,Marvel Comics,-,,45,10,121 lb // 54 kg
Spider-Woman,"Arachne, Ariadne Hyde, Dark Angel, Dark Angel of San Francisco",good,70,60,Green,Jessica Drew,female,Black,5'10 // 178 cm,56,-,"London, England",68,Marvel Comics,Human,,42,42,130 lb // 59 kg
Darkhawk,"Bucket-Head, Edge-Man, Powell",good,64,70,Brown,Christopher Powell,male,Brown,6'1 // 185 cm,50,-,"Queens, New York",74,Marvel Comics,Human,,33,32,180 lb // 81 kg
Ariel,-,good,28,14,Purple,Ariel,female,Pink,5'5 // 165 cm,50,-,-,94,Marvel Comics,-,,12,10,130 lb // 59 kg
Havok,"Mutant X, Goblin Prince",good,45,60,Blue,Alexander Summers,male,Blond,6' // 183 cm,63,Alex,"Honolulu, Hawaii",71,Marvel Comics,Mutant,,25,10,175 lb // 79 kg
Silk,-,good,65,70,Brown,-,female,Black,- // 0 cm,75,-,-,71,Marvel Comics,Human,,71,48,- lb // 0 kg
Meltdown,"Boom-Boom, Boomer, Meltdown, Mutate #35, Time Bomb, Nancy Forrester",good,64,42,Blue,Tabitha Smith,female,Blond,5'5 // 165 cm,38,-,"Roanoke, Virginia",62,Marvel Comics,-,,12,10,120 lb // 54 kg
Wolfsbane,"Grimfang, Mutate #490",good,42,42,Green,Rahne Sinclair,female,Auburn,12' // 366 cm,38,-,"Somewhere in Ross and Cromarty, Scotland",26,Marvel Comics,-,,35,16,1050 lb // 473 kg
Bishop,Archbishop,good,65,75,Brown,Lucas Bishop,male,No Hair,6'6 // 198 cm,63,-,A mutant relocation camp in an undisclosed location on an alternate 21st Century Earth,100,Marvel Comics,Mutant,,23,14,275 lb // 124 kg
Annihilus,"The Living Death That Walks, Lord of the Negative Zone",bad,64,56,Green,Annihilus,male,No Hair,5'11 // 180 cm,75,-,"Planet of Arthros, Sector 17A, Negative Zone",59,Marvel Comics,-,,47,80,200 lb // 90 kg
Blob,-,bad,72,95,Brown,Frederick J. Dukes,male,Brown,5'10 // 178 cm,10,Fred,"Lubbock, Texas",26,Marvel Comics,-,,23,83,510 lb // 230 kg
X-Man,Nate the Great,good,84,95,Blue,Nate Grey,male,Brown,5'9 // 175 cm,88,-,American Northeast of Earth-295,100,Marvel Comics,-,,53,53,135 lb // 61 kg
Cottonmouth,Quincy McIver,bad,25,10,Brown,Burchell Clemens,male,Black,6'0 // 183 cm,50,-,-,27,Marvel Comics,Human,,8,10,220 lb // 99 kg
Watcher,-,good,56,89,-,Uatu,male,-,- // 0 cm,100,-,-,100,Marvel Comics,-,,67,80,- lb // 0 kg
Diamondback,-,bad,60,28,Brown,Willis Stryker,male,Black,6'4 // 193 cm,44,-,-,45,Marvel Comics,Human,,23,16,200 lb // 90 kg
Quicksilver,"Pietro Frank, Gypsy Davey, Mateo Maximoff",good,56,60,Blue,Pietro Django Maximoff,male,Silver,6'0 // 183 cm,63,-,"Wundagore Mountain, Transia (in Eastern Europe)",52,Marvel Comics,Mutant,,100,28,175 lb // 79 kg
Polaris,"Pestilence, formerly Malice, Polarity, Magnetrix, M-2, Magneto the Second",good,45,50,Green,Lorna Sally Dane,female,Green,5'7 // 170 cm,63,-,Northern California,100,Marvel Comics,Mutant,,42,73,115 lb // 52 kg
Venom-III,Scorpion,bad,56,90,Brown,MacDonald Gargan,male,Brown,7'6 // 229 cm,63,-,-,73,Marvel Comics,Symbiote,,35,73,742 lb // 334 kg
John-Wraith,"Wraith-Man, Kestrel, Expediter, Guardian, Vindicator",good,80,28,Brown,John Wraith,male,Black,6'0 // 183 cm,75,-,-,87,Marvel Comics,-,,35,12,195 lb // 88 kg
Electro,-,bad,64,56,Blue,Maxwell Dillon,male,Auburn,5'11 // 180 cm,69,Max,-,67,Marvel Comics,Human,,50,10,165 lb // 74 kg
Blackout,-,bad,65,80,Red,-,male,White,6'3 // 191 cm,63,-,-,45,Marvel Comics,Demon,White,45,32,230 lb // 104 kg
Agent-Zero,Maverick,good,95,80,-,Christoph Nord,male,-,6'3 // 191 cm,75,-,Unrevealed location in former East Germany,72,Marvel Comics,-,,38,28,230 lb // 104 kg
Moses-Magnum,"Magnum Force,",bad,56,42,Brown,Moses Magnum,male,Black,5'9 // 175 cm,75,-,-,55,Marvel Comics,-,,12,28,159 lb // 72 kg
Red-Skull,"Dell Rusk, Bettman P. Lyles, the Agent of a Thousand Faces, The Man, Cyrus Fenton, Teacher, Tod March, John Smith, Aleksander Lukin.",bad,80,14,Blue,Johann Shmidt,male,No Hair,6'2 // 188 cm,75,-,An unidentified village in Germany,19,Marvel Comics,-,,12,10,240 lb // 108 kg
Proto-Goblin,Green Goblin,bad,28,48,Green,Nels Van Adder,male,Blond,- // 0 cm,63,-,-,22,Marvel Comics,-,,23,38,- lb // 0 kg
Husk,Hayseed,good,64,78,Blue,Paige Elisabeth Guthrie,female,Blond,5'7 // 170 cm,63,-,"Cumberland, Kentucky",48,Marvel Comics,Mutant,,35,63,128 lb // 58 kg
Lizard,-,bad,56,70,Red,Curtis Connors,male,No Hair,6'8 // 203 cm,50,-,"Coral Gables, Florida",63,Marvel Comics,Human,,27,51,510 lb // 230 kg
Kraven-the-Hunter,"Kraven the Hunter, World's Greatest Hunter, the Grim Hunter",bad,85,42,Brown,Sergei Kravinoff,male,Black,6'0 // 183 cm,63,-,"Volgograd (formerly Stalingrad), Russia",25,Marvel Comics,Human,,35,32,235 lb // 106 kg
Legion,"Jack Wayne, Cyndi, Jemail Karami, Daniel Lucas Haller, Daniel Haller, Rodney, Ian, Lucas, Fanya, Boris, Zachary, Sylvester, God-Mutant",good,75,30,Green / Blue,David Charles Haller,male,Black,5'9 // 175 cm,50,-,Israel,100,Marvel Comics,Mutant,,42,100,130 lb // 59 kg
Hyperion,Mark Milton,good,80,95,Blue,-,male,Red,6' // 183 cm,81,-,-,71,Marvel Comics,-,,75,100,460 lb // 207 kg
Dazzler,"Ali, The Disco Dazzler, Songbird, Dazz, Kimberly Schau, Ally",good,55,60,Blue,Alison Blaire,female,Blond,5'8 // 173 cm,63,-,"Gardendale, Long Island, New York",100,Marvel Comics,Mutant,,33,10,115 lb // 52 kg
Tiger-Shark,Arlys Tigershark,bad,28,70,Grey,Todd Arliss,male,No Hair,6'1 // 185 cm,38,-,"Pasadena, California",51,Marvel Comics,Human,Grey,46,72,450 lb // 203 kg
Scorpion,"Venom, Spider-Man",bad,80,85,Brown,MacDonald Gargan,male,Brown,6'11 // 211 cm,50,Mac,-,49,Marvel Comics,Human,,60,52,689 lb // 310 kg
Hybrid,"Guardsman Number Six, Terror of Brooklyn, Riot ,Phage , Lasher, Agony",good,80,75,Brown,-,male,Black,5'9 // 175 cm,63,-,"Bedford-Stuyvesant, Brooklyn, New York City",100,Marvel Comics,Symbiote,,58,63,172 lb // 77 kg
Firelord,Nova Centurion,good,28,90,White,Pyreus Kril,-,Yellow,6'4' // 193 cm,38,-,"Xander, planet in Tranta System, Andromeda Galaxy",48,Marvel Comics,-,,75,63,220 lb // 99 kg
Silver-Surfer,-,good,32,90,White,Norrin Radd,male,No Hair,6'4 // 193 cm,56,"Skyrider, Sentinel of the Spaceways, Silverado, Chrome Dome",Zenn-La,100,Marvel Comics,Alien,Silver,100,100,225 lb // 101 kg
Ms-Marvel-II,She-Thing,good,56,84,Blue,Sharon Ventura,female,Red,5'8 // 173 cm,38,-,"Pullman, Washington",11,Marvel Comics,-,,23,63,135 lb // 61 kg
Human-Torch,"Matchstick Johnny, Doug Brown",good,42,70,Blue,Jonathan Lowell Spencer Storm,male,Blond,5'10 // 178 cm,63,Johnny,"Glenville, Long Island, New York",84,Marvel Comics,Human / Radiation,,63,11,170 lb // 77 kg
Nick-Fury,"Doyle, The Mystery in the Mask, Patch, Scorpio",good,100,42,Brown,Nicholas Joseph Fury,male,Brown / White,6'1 // 185 cm,75,-,New York City,25,Marvel Comics,Human,,23,11,221 lb // 99 kg
Doctor-Doom,"The Master, Invincible Man",bad,84,100,Brown,Victor von Doom,male,Brown,6'7 // 201 cm,100,-,"Haasenstadt, Latveria",100,Marvel Comics,Human,,20,32,415 lb // 187 kg
Century,-,good,100,64,White,-,male,White,6'7 // 201 cm,88,-,-,100,Marvel Comics,Alien,Grey,53,80,215 lb // 97 kg
Blink,-,good,64,28,Green,Clarice Ferguson,female,Magenta,5'5 // 165 cm,50,-,Bahamas,77,Marvel Comics,Mutant,Pink,20,8,125 lb // 56 kg
Gamora,"The Deadliest Woman In The Universe, The Most Dangerous Woman in the Galaxy",good,100,85,Yellow,Gamora Zen Whoberi Ben Titan,female,Black,6'0 // 183 cm,75,-,"Planet Zen Whoberi, Silican System, Milky Way",53,Marvel Comics,Zen-Whoberian,Green,42,85,170 lb // 77 kg
Archangel,"War, Dark Angel, Death, Avenging Angel",good,42,64,Blue,Warren Kenneth Worthington III,male,Blond,6'0 // 183 cm,63,-,"Centerport, Long Island, New York",35,Marvel Comics,Mutant,Blue,58,13,150 lb // 68 kg
Exodus,Paris Bennet,bad,70,28,Blue,Bennet du Paris,male,Black,6'0 // 183 cm,63,-,-,100,Marvel Comics,Mutant,Red,28,81,195 lb // 88 kg
X-23,"Talon, Laura X, Laura Howlett, Captain Universe",good,85,90,Green,Laura Kinney,female,Black,5'6 // 168 cm,75,-,"The Facility, location unrevealed",38,Marvel Comics,-,,35,24,147 lb // 66 kg
Thunderstrike,Thor,good,72,84,Blue,Eric Kevin Masterson,male,Blond,6'6 // 198 cm,63,-,-,42,Marvel Comics,-,,70,80,640 lb // 288 kg
Gravity,Protector of the Universe,good,30,40,Blue,Greg Willis,male,Brown,5'10 // 178 cm,50,-,"Sheboygan, Wisconsin",67,Marvel Comics,Human,,33,32,175 lb // 79 kg
Gladiator,"Majestor, Praetor, Captain Universe",neutral,70,100,Blue,Kallark,male,Blue,6'6 // 198 cm,50,-,-,73,Marvel Comics,Strontian,Purple,100,100,595 lb // 268 kg
Star-Lord,Starlord,good,70,50,Blue,Peter Jason Quill,male,Blond,6'2 // 188 cm,69,-,-,25,Marvel Comics,Human-Spartoi,,33,20,175 lb // 79 kg
Thor,"Donald Blake, Sigurd Jarlson, Jake Olsen, Donar the Mighty",good,100,100,Blue,Thor Odinson,male,Blond,6'6 // 198 cm,69,-,Asgard,100,Marvel Comics,Asgardian,,83,100,640 lb // 288 kg
Agent-Bob,"Bob, agent of Hydra, Bob, agent of A.I.M",good,20,5,Brown,Bob,male,Brown,5'10 // 178 cm,10,-,-,5,Marvel Comics,Human,,13,8,181 lb // 81 kg
Utgard-Loki,-,bad,64,84,Blue,-,male,White,50'0 // 15.2 meters,50,-,Jotunheim,80,Marvel Comics,Frost Giant,,23,80,128000 lb // 58 tons
Fin-Fang-Foom,He Whose Limbs Shatter Mountains and Whose Back Scrapes the Sun (translation),good,70,100,Red,-,male,No Hair,32'0 // 975 cm,50,-,-,75,Marvel Comics,Kakarantharaian,Green,23,81,40000 lb // 18 tons
Demogoblin,Jason Macendale Jr,bad,60,35,Red,-,male,No Hair,6'1 // 185 cm,50,-,-,62,Marvel Comics,Demon,,42,48,210 lb // 95 kg
Blade,"Switchblade, Frank Blade, Daywalker",good,90,50,Brown,Eric Brooks,male,Black,6'2 // 188 cm,63,-,"Soho, London,England",40,Marvel Comics,Vampire,,38,28,215 lb // 97 kg
Professor-X,"Prof, Dr. X, Professor Xavier, formerly Prisoner M-13",good,32,14,Blue,Charles Francis Xavier,male,No Hair,6' // 183 cm,100,-,"New York, New York",100,Marvel Comics,Mutant,,12,8,190 lb // 86 kg
Songbird,"Screaming Mimi, Mimi Schwartz, Margie Green",good,56,42,Green,Melissa Joan Gold,female,Red / White,5'5 // 165 cm,75,-,"Shoshoni, Wyoming",55,Marvel Comics,-,,27,36,145 lb // 65 kg
Box-IV,"Gemini, Jack-In-The-Box",good,56,28,Brown,Madison Jeffries,-,Brown / Black,- // 0 cm,50,-,Place of birth unknown,11,Marvel Comics,-,,23,75,- lb // 0 kg
Medusa,"Madam Medusa, Queen Medusa",good,56,70,Green,Medusalith Amaquelin Boltagon,female,Red,5'11 // 180 cm,75,-,"Island of Attilan, Atlantic Ocean",37,Marvel Comics,Inhuman,,35,34,130 lb // 59 kg
Scarlet-Spider-II,"Tarantula, Kaine, Ara’±a Escarlata",good,56,40,Brown,Kaine Parker,male,Brown,6'4 // 193 cm,88,-,-,37,Marvel Comics,Clone,,60,55,250 lb // 113 kg
Abomination,"Agent R-7, Ravager of Worlds",bad,95,90,Green,Emil Blonsky,male,No Hair,6'8 // 203 cm,63,-,"Zagreb, Yugoslavia",62,Marvel Comics,Human / Radiation,,53,80,980 lb // 441 kg
Domino,"Dom, Samantha Wu, Tamara Winter, Elena Vladescu, Jessica Marie Costello, Luisa Mendoza, Beatrice, Christina Elizabeth Alioso, Priscilla Sutherland, Hope Eldridge",good,74,28,Blue,Neena Thurman,female,Black,5'8 // 173 cm,63,-,"Project: Armageddon base, Everglades, Florida",49,Marvel Comics,Human,White,27,10,120 lb // 54 kg
Rhino,"Alex O'Hirn, Mecha-Rhino",bad,85,90,Brown,Aleksei Mikhailovich Sytsevich,male,Brown,6'5 // 196 cm,25,-,-,36,Marvel Comics,Human / Radiation,,43,80,710 lb // 320 kg
Wasp,Pixie,good,42,52,Blue,Janet Van Dyne,female,Auburn,5'4 // 163 cm,63,-,"Cresskill, New Jersey",29,Marvel Comics,Human,,58,17,110 lb // 50 kg
Callisto,-,bad,85,42,Blue,Callisto,female,Black,5'9 // 175 cm,63,-,-,52,Marvel Comics,-,,23,53,165 lb // 74 kg
Sentry,"Void, Bob, Golden Guardian of Good, John Victor Williams, Scout",neutral,40,84,Blue,Robert Reynolds,male,Blond,6'2 // 188 cm,75,-,-,100,Marvel Comics,Mutant,,100,100,194 lb // 87 kg
Spider-Woman-III,-,good,28,42,Brown,Martha Franklin,female,Brown,5'8 // 173 cm,50,Mattie,"Rochester, New York",60,Marvel Comics,-,,27,48,123 lb // 55 kg
Silverclaw,"La Garra Argentado, Daughter of the Volcano God,",good,42,42,Brown,Maria de Guadalupe Santiago,female,Black,5'2 // 157 cm,50,-,"The village of Kamekeri, Costa Verde",34,Marvel Comics,-,,35,28,110 lb // 50 kg
Psylocke,"Betsy, Captain Britain, Lady Mandarin",good,90,40,Blue,Elizabeth Braddock,female,Purple,5'11 // 180 cm,63,-,"Braddock Manor, England",100,Marvel Comics,Mutant,,25,33,155 lb // 70 kg
Venom,-,bad,84,84,Blue,Edward Charles Allan Brock,male,Strawberry Blond,6'3 // 191 cm,75,-,"New York, New York",86,Marvel Comics,Symbiote,,65,57,260 lb // 117 kg
Rogue,"Anna Raven, Doctor Kellogg, Mutate 9602, Irene Adler, Miss Smith",good,80,28,Green,Anna Marie,female,Brown / White,5'8 // 173 cm,75,-,"Caldecott County, Mississippi",80,Marvel Comics,-,,12,10,120 lb // 54 kg
Captain-Britain,"Britannic, Black Bishop, Jungle Man, King of Otherworld, Merlinson",good,80,60,Blue,Brian Braddock,male,Blond,6'6 // 198 cm,75,-,"Braddock Manor, England",31,Marvel Comics,Human,,50,77,257 lb // 116 kg
Phoenix,"Redd Dayspring, Marvel Girl",good,70,100,Green,Jean Grey-Summers,female,Red,5'6 // 168 cm,100,-,-,100,Marvel Comics,Mutant,,67,80,115 lb // 52 kg
A-Bomb,Rick Jones,good,64,80,Yellow,Richard Milhouse Jones,male,No Hair,6'8 // 203 cm,38,-,"Scarsdale, Arizona",24,Marvel Comics,Human,,17,100,980 lb // 441 kg
Sasquatch,"Box, Wanda Langkowski",good,42,56,Red,Walter Langkowski,male,Orange,10' // 305 cm,75,-,"Edmonton, Alberta, Canada",15,Marvel Comics,-,,23,80,2000 lb // 900 kg
Mimic,"Cal, Wolverine, Calvin Rankin",good,42,56,Brown,Calvin Montgomery Rankin,male,Brown,6'2 // 188 cm,63,-,"Passiac, New Jersey",79,Marvel Comics,-,,47,67,225 lb // 101 kg
Klaw,-,bad,60,100,Red,Ulysses Klaw,male,No Hair,6'2 // 188 cm,63,-,"Vlaardingen, Netherlands",62,Marvel Comics,Human,Red,33,38,216 lb // 97 kg
Scorpia,-,bad,28,28,Green,Elaine Coll,female,Red,- // 0 cm,38,-,-,34,Marvel Comics,-,,42,28,- lb // 0 kg
Vindicator,Guardian,good,70,64,Green,Heather McNeil Hudson,female,Red,5'5 // 165 cm,63,-,"Calgary, Alberta, Canada",56,Marvel Comics,Human,,53,63,120 lb // 54 kg
Invisible-Woman,Invisible Girl,good,56,85,blue,Susan Storm Richards,female,Blond,5'6 // 168 cm,88,-,"Glenville, Long Island, New York",93,Marvel Comics,Human / Radiation,,27,10,120 lb // 54 kg
Leech,-,good,14,14,-,-,male,-,- // 0 cm,25,-,-,62,Marvel Comics,-,,12,5,- lb // 0 kg
Thanos,"The Mad Titan, Masterlord, The Overmaster, Chins",bad,80,100,Red,Thanos,male,No Hair,6'7 // 201 cm,100,-,Titan,100,Marvel Comics,Eternal,Purple,33,100,985 lb // 443 kg
Wonder-Man,"Wondie, JQ-272712-K",good,64,90,Red,Simon Williams,male,Black,6'2 // 188 cm,75,-,"Paterson, New Jersey",64,Marvel Comics,-,,53,100,380 lb // 171 kg